category,J_mean,J_last_mean
deformation,0.4095,0.40499999999999997
occlusion,0.33812903225806457,0.18770967741935488
flip,0.49983333333333335,0.41483333333333333
breakup,0.39142307692307693,0.19805769230769238
