category,J_mean,J_last_mean
deformation,0.4115833333333334,0.39466666666666667
occlusion,0.3370967741935484,0.19719354838709677
flip,0.4785000000000001,0.4005
breakup,0.4083653846153847,0.2256153846153846
